Request_Count,Client_IP
303986,10.30.222.137
65644,10.30.244.55
65356,10.30.221.65
37056,10.30.234.230
30469,10.30.238.198
28968,10.30.224.195
28180,10.30.254.172
27034,10.30.238.223
25075,10.30.218.18
24033,10.30.243.207
23985,10.30.220.162
19700,10.30.223.81
19352,10.30.235.46
16282,10.30.219.139
13715,10.30.255.244
12537,10.30.234.215
12345,10.30.235.9
10232,10.30.228.213
10174,10.30.227.123
9427,10.30.220.230
9176,10.30.218.112
7751,10.30.234.138
7655,10.30.217.234
7155,10.30.244.57
6755,10.30.226.90
6340,10.30.230.211
6132,10.30.218.139
5772,10.30.225.157
5695,10.30.223.247
5305,10.30.235.42
4754,10.30.218.182
3858,10.30.222.156
3714,10.30.217.83
3638,10.30.218.58
3441,10.30.254.229
3425,10.30.221.75
3152,10.30.246.218
3069,10.30.223.136
3025,10.30.218.71
3012,10.30.228.173
2876,10.30.243.120
2825,10.30.217.153
2766,10.30.227.70
2747,10.30.228.118
2732,10.30.233.234
2704,10.30.222.92
2488,10.30.220.206
2409,10.30.226.81
1994,10.30.217.128
1978,10.30.217.134
1822,10.30.248.103
1649,10.30.218.76
1637,10.30.218.90
1579,10.30.229.111
1570,10.30.225.204
1491,10.30.221.149
1481,10.30.236.9
1479,10.30.220.79
1473,10.30.227.230
1451,10.30.228.201
1402,10.30.225.121
1402,10.30.217.254
1395,10.30.236.173
1378,10.30.254.219
1348,10.30.255.53
1322,10.30.228.218
1308,10.30.217.46
1258,10.30.222.135
1253,10.30.217.175
1240,10.30.226.98
1234,10.30.244.26
1231,10.30.226.53
1145,10.30.224.95
1141,10.30.254.62
1108,10.30.234.210
1096,10.30.220.137
1079,10.30.245.180
1076,10.30.226.196
1057,10.30.250.173
1015,10.30.226.99
1008,10.30.221.132
994,10.30.230.252
979,10.30.220.211
973,10.30.254.134
968,10.30.233.210
917,10.30.217.50
906,10.30.220.70
900,10.30.227.115
898,10.30.222.169
884,10.30.217.12
882,10.30.223.246
874,10.30.222.211
873,10.30.220.22
865,10.30.230.250
857,10.30.224.123
853,10.30.230.193
850,10.30.223.76
850,10.30.223.74
844,10.30.231.22
803,10.30.221.134
750,10.30.241.16
749,10.30.224.207
737,10.30.244.111
728,10.30.227.132
705,10.30.231.129
698,0.0.0.0
691,10.30.227.11
689,10.30.224.138
679,10.30.218.74
676,10.30.219.82
670,10.30.224.111
664,10.30.255.76
651,10.30.217.196
649,10.30.232.204
647,10.30.222.236
642,10.30.226.157
640,10.30.220.6
633,10.30.217.140
631,10.30.254.186
620,10.30.222.196
613,10.30.225.159
608,10.30.230.145
607,10.30.224.18
602,10.30.231.70
600,10.30.238.226
597,10.30.221.160
592,10.30.223.211
590,10.30.236.246
581,10.30.220.86
562,10.30.234.235
561,10.30.226.164
555,10.30.219.145
551,10.30.220.114
540,10.30.229.151
536,10.30.236.1
531,10.30.217.108
526,10.30.219.0
525,10.30.225.198
518,10.30.220.212
517,10.30.222.249
515,10.30.227.85
514,10.30.230.203
511,10.30.218.144
500,10.30.246.245
500,10.30.239.53
498,10.30.225.221
495,10.30.228.250
494,10.30.219.201
492,10.30.234.190
492,10.30.228.241
491,10.30.241.168
489,10.30.218.46
485,10.30.232.59
475,10.30.233.63
470,10.30.227.173
465,10.30.235.27
445,10.30.253.228
445,10.30.221.38
444,10.30.235.7
443,10.30.223.162
440,10.30.218.34
439,10.30.235.38
437,10.30.246.251
430,10.30.226.125
426,10.30.230.119
425,10.30.255.150
423,10.30.218.103
422,10.30.229.65
418,10.30.241.180
418,10.30.236.166
418,10.30.232.53
418,10.30.220.1
416,10.30.225.160
407,10.30.234.18
405,10.30.233.33
401,10.30.220.78
401,10.30.217.119
396,10.30.217.246
388,10.30.226.181
380,10.30.217.213
378,10.30.253.107
374,10.30.217.205
373,10.30.228.77
370,10.30.219.6
369,10.30.221.21
367,10.30.220.11
366,10.30.223.145
364,10.30.252.214
362,10.30.218.2
361,10.30.228.86
357,10.30.217.18
354,10.30.226.34
352,10.30.227.106
348,10.30.233.51
347,10.30.227.30
346,10.30.229.5
345,10.30.253.150
342,10.30.255.196
341,10.30.226.54
340,10.30.217.192
336,10.30.255.168
333,10.30.232.69
333,10.30.225.19
332,10.30.255.193
327,10.30.224.173
326,10.30.234.4
323,10.30.228.235
321,10.30.222.246
321,10.30.221.226
319,10.30.225.96
314,10.30.234.97
313,10.30.220.45
311,10.30.217.168
307,10.30.222.195
305,10.30.230.247
301,10.30.226.145
300,10.30.223.50
299,10.30.217.136
297,10.30.225.216
293,10.30.220.84
286,10.30.221.10
286,10.30.219.198
286,10.30.219.195
286,10.30.217.155
284,10.30.232.192
284,10.30.218.100
280,10.30.244.65
278,10.30.217.139
276,10.30.221.147
276,10.30.217.32
273,10.30.219.129
272,10.30.217.221
270,10.30.219.70
268,10.30.238.235
262,10.30.222.90
258,10.30.218.8
254,10.30.221.170
251,10.30.217.218
250,10.30.234.159
250,10.30.217.41
247,10.30.232.141
244,10.30.222.208
244,10.30.218.171
243,10.30.230.80
240,10.30.252.124
239,10.30.220.204
239,10.30.218.3
238,10.30.225.17
237,10.30.223.82
234,10.30.244.228
232,10.30.228.200
231,10.30.228.33
231,10.30.217.223
230,10.30.233.165
229,10.30.232.162
228,10.30.245.22
226,10.30.217.212
224,10.30.217.25
222,10.30.234.27
221,10.30.229.57
219,10.30.233.199
218,10.30.232.218
218,10.30.218.126
215,10.30.230.156
215,10.30.217.152
214,10.30.225.54
213,10.30.227.40
213,10.30.218.135
212,10.30.220.246
211,10.30.242.195
211,10.30.220.64
211,10.30.219.4
207,10.30.237.238
207,10.30.223.124
206,10.30.232.170
205,10.30.240.140
202,10.30.224.87
201,10.30.226.120
200,10.30.230.240
196,10.30.233.245
196,10.30.223.114
196,10.30.217.14
195,10.30.235.5
195,10.30.229.165
192,10.30.233.250
192,10.30.220.192
191,10.30.231.126
189,10.30.234.26
188,10.30.253.102
186,10.30.223.56
186,10.30.221.211
186,10.30.218.196
185,10.30.218.184
183,10.30.218.61
181,10.30.233.242
179,10.30.225.39
179,10.30.219.8
178,10.30.221.30
177,10.30.228.83
176,10.30.252.78
176,10.30.218.67
172,10.30.231.165
171,10.30.228.170
171,10.30.224.32
169,10.30.217.161
168,10.30.230.77
167,10.30.230.110
167,10.30.229.64
167,10.30.219.207
166,10.30.233.215
164,10.30.222.224
162,10.30.245.15
162,10.30.224.137
161,10.30.224.160
160,10.30.228.177
159,10.30.244.91
159,10.30.228.141
159,10.30.219.117
158,10.30.245.19
157,10.30.235.94
157,10.30.229.128
157,10.30.219.12
156,10.30.252.110
156,10.30.234.61
156,10.30.219.78
155,10.30.238.180
154,10.30.226.154
152,10.30.235.20
152,10.30.218.78
149,10.30.217.253
148,10.30.227.189
148,10.30.219.187
148,10.30.217.151
147,10.30.222.107
147,10.30.217.217
145,10.30.223.238
143,10.30.233.219
143,10.30.229.79
142,10.30.222.227
141,10.30.240.242
140,10.30.227.17
139,10.30.234.31
138,10.30.220.10
137,10.30.229.141
136,10.30.222.233
136,10.30.222.116
135,10.30.255.40
135,10.30.228.34
134,10.30.247.60
134,10.30.233.65
134,10.30.218.237
132,10.30.224.169
131,10.30.227.244
131,10.30.221.32
129,10.30.228.210
129,10.30.223.174
129,10.30.221.221
126,10.30.227.46
125,10.30.228.13
125,10.30.227.119
125,10.30.224.116
124,10.30.242.16
124,10.30.232.132
123,10.30.226.237
123,10.30.225.123
123,10.30.218.98
122,10.30.217.81
121,10.30.219.137
121,10.30.218.250
120,10.30.222.36
120,10.30.220.220
119,10.30.222.19
119,10.30.220.251
119,10.30.218.93
119,10.30.217.44
118,10.30.233.50
118,10.30.228.14
118,10.30.219.177
118,10.30.218.121
117,10.30.227.215
117,10.30.225.43
117,10.30.222.162
117,10.30.218.57
116,10.30.226.230
115,10.30.238.120
115,10.30.227.246
115,10.30.226.158
115,10.30.223.104
115,10.30.218.9
114,10.30.235.172
114,10.30.217.126
112,10.30.246.26
112,10.30.222.191
111,10.30.229.162
111,10.30.220.98
111,10.30.217.194
110,10.30.252.127
110,10.30.232.124
109,10.30.218.86
108,10.30.234.160
108,10.30.230.178
108,10.30.220.107
107,10.30.255.87
107,10.30.229.3
107,10.30.223.152
107,10.30.220.67
107,10.30.218.158
105,10.30.233.93
105,10.30.225.57
105,10.30.223.251
104,10.30.217.252
103,10.30.234.129
103,10.30.219.104
103,10.30.217.222
102,10.30.248.8
102,10.30.217.145
102,10.30.216.234
101,10.30.239.91
101,10.30.231.87
101,10.30.225.167
100,10.30.226.108
99,10.30.229.230
99,10.30.220.103
99,10.30.218.175
98,10.30.225.203
98,10.30.222.187
98,10.30.219.100
96,10.30.247.46
96,10.30.222.9
96,10.30.219.245
95,10.30.233.136
95,10.30.224.41
94,10.30.228.195
94,10.30.225.171
94,10.30.221.167
94,10.30.218.240
94,10.30.217.203
93,10.30.228.66
93,10.30.223.29
93,10.30.218.91
92,10.30.234.207
92,10.30.233.230
92,10.30.223.200
91,10.30.231.57
91,10.30.230.51
90,10.30.231.227
90,10.30.224.158
89,10.30.233.95
89,10.30.227.65
89,10.30.225.232
89,10.30.219.185
89,10.30.218.230
88,10.30.234.36
88,10.30.223.112
87,10.30.255.152
87,10.30.224.27
86,10.30.231.197
86,10.30.228.40
86,10.30.227.55
85,10.30.221.108
84,10.30.233.113
84,10.30.229.12
84,10.30.224.242
84,10.30.221.27
84,10.30.219.10
84,10.30.217.193
83,10.30.227.175
83,10.30.218.25
82,10.30.246.72
82,10.30.231.122
82,10.30.225.190
82,10.30.218.75
82,10.30.218.20
82,10.30.217.74
82,10.30.217.173
81,10.30.221.1
80,10.30.227.169
80,10.30.216.254
79,10.30.222.209
79,10.30.222.12
79,10.30.220.205
78,10.30.231.233
78,10.30.227.179
78,10.30.220.43
78,10.30.220.200
77,10.30.231.36
77,10.30.228.134
77,10.30.227.84
77,10.30.225.105
77,10.30.219.26
77,10.30.218.166
75,10.30.243.51
75,10.30.241.150
75,10.30.239.106
75,10.30.233.127
75,10.30.232.49
75,10.30.223.180
75,10.30.218.215
75,10.30.218.198
75,10.30.218.178
74,10.30.226.193
74,10.30.221.136
74,10.30.219.64
74,10.30.217.38
73,10.30.222.60
72,10.30.241.3
72,10.30.219.25
71,10.30.230.89
71,10.30.224.145
70,10.30.246.99
70,10.30.245.56
70,10.30.226.46
70,10.30.225.166
70,10.30.225.104
70,10.30.223.184
70,10.30.221.57
69,10.30.233.175
68,10.30.235.0
68,10.30.226.219
68,10.30.224.193
68,10.30.220.237
68,10.30.217.195
67,10.30.234.196
67,10.30.231.217
67,10.30.227.39
67,10.30.226.232
67,10.30.219.146
66,10.30.228.54
66,10.30.219.42
66,10.30.218.119
65,10.30.242.240
65,10.30.231.157
65,10.30.219.102
64,10.30.231.192
64,10.30.228.21
64,10.30.228.142
64,10.30.223.138
64,10.30.217.109
63,10.30.240.21
63,10.30.231.205
63,10.30.226.166
62,10.30.232.165
62,10.30.227.43
61,10.30.226.12
61,10.30.223.205
61,10.30.221.74
60,10.30.234.203
60,10.30.217.1
59,10.30.255.174
59,10.30.246.160
59,10.30.232.84
59,10.30.226.55
58,10.30.222.139
58,10.30.221.153
58,10.30.219.71
58,10.30.218.201
58,10.30.217.11
57,10.30.237.97
57,10.30.226.7
57,10.30.223.222
57,10.30.222.163
57,10.30.221.215
57,10.30.221.185
57,10.30.219.36
57,10.30.219.35
57,10.30.219.221
57,10.30.217.29
56,10.30.225.82
56,10.30.225.79
56,10.30.221.251
56,10.30.219.18
56,10.30.217.98
55,10.30.236.226
55,10.30.234.232
55,10.30.232.34
55,10.30.231.124
55,10.30.219.41
55,10.30.218.125
54,10.30.233.189
54,10.30.225.205
54,10.30.224.194
54,10.30.221.125
54,10.30.220.157
53,10.30.229.108
53,10.30.227.245
53,10.30.220.9
52,10.30.234.20
52,10.30.232.234
52,10.30.231.168
52,10.30.230.134
52,10.30.228.139
52,10.30.225.201
52,10.30.223.111
52,10.30.219.50
52,10.30.216.255
51,10.30.234.59
51,10.30.234.136
51,10.30.225.192
50,10.30.249.31
50,10.30.239.3
50,10.30.235.18
50,10.30.232.23
50,10.30.232.215
50,10.30.232.18
50,10.30.229.85
50,10.30.223.243
50,10.30.219.194
50,10.30.218.160
49,10.30.234.48
49,10.30.229.23
49,10.30.217.113
48,10.30.234.242
48,10.30.232.61
48,10.30.228.178
48,10.30.227.64
48,10.30.221.135
48,10.30.220.74
47,10.30.234.193
47,10.30.231.18
47,10.30.229.113
46,10.30.227.172
46,10.30.222.159
46,10.30.219.197
46,10.30.218.193
45,10.30.253.215
45,10.30.253.143
45,10.30.227.224
45,10.30.217.73
44,10.30.254.67
44,10.30.233.36
44,10.30.230.57
44,10.30.225.109
44,10.30.224.150
44,10.30.217.208
43,10.30.245.112
43,10.30.229.27
43,10.30.222.178
43,10.30.220.50
43,10.30.218.191
43,10.30.217.37
43,10.30.216.236
42,10.30.239.29
42,10.30.232.22
42,10.30.229.232
42,10.30.225.195
42,10.30.218.97
42,10.30.217.132
42,10.30.216.253
41,10.30.217.36
41,10.30.217.236
40,10.30.253.182
40,10.30.230.248
40,10.30.224.175
40,10.30.218.219
40,10.30.218.151
40,10.30.218.13
40,10.30.217.23
39,10.30.230.179
39,10.30.227.117
39,10.30.226.221
39,10.30.225.238
39,10.30.224.54
39,10.30.221.230
39,10.30.217.28
38,10.30.255.147
38,10.30.233.68
38,10.30.229.216
38,10.30.229.136
38,10.30.225.191
38,10.30.224.39
38,10.30.224.176
38,10.30.223.197
38,10.30.223.165
38,10.30.219.91
38,10.30.218.163
38,10.30.217.67
38,10.30.216.251
37,10.30.224.55
37,10.30.224.219
37,10.30.223.196
37,10.30.218.11
36,10.30.255.23
36,10.30.237.84
36,10.30.229.35
36,10.30.227.99
36,10.30.225.5
36,10.30.225.188
35,10.30.247.222
35,10.30.228.8
35,10.30.224.196
35,10.30.223.24
35,10.30.221.150
35,10.30.217.170
34,10.30.233.13
34,10.30.227.163
34,10.30.227.102
34,10.30.227.10
34,10.30.222.147
34,10.30.220.226
34,10.30.219.158
33,10.30.255.173
33,10.30.246.54
33,10.30.246.162
33,10.30.232.160
33,10.30.230.25
33,10.30.229.229
33,10.30.227.139
33,10.30.224.139
33,10.30.218.232
33,10.30.217.189
33,10.30.216.245
32,10.30.234.137
32,10.30.229.95
32,10.30.229.220
32,10.30.227.248
32,10.30.227.127
32,10.30.224.247
32,10.30.223.130
32,10.30.222.81
32,10.30.218.39
32,10.30.217.179
32,10.30.217.178
32,10.30.217.125
31,10.30.252.192
31,10.30.238.196
31,10.30.233.47
31,10.30.231.81
31,10.30.231.224
31,10.30.228.51
31,10.30.228.121
31,10.30.227.96
31,10.30.224.209
31,10.30.222.48
31,10.30.221.194
31,10.30.220.160
30,10.30.254.194
30,10.30.238.90
30,10.30.234.22
30,10.30.233.118
30,10.30.230.164
30,10.30.229.193
30,10.30.224.143
30,10.30.221.235
30,10.30.221.137
30,10.30.220.49
30,10.30.216.238
29,10.30.248.64
29,10.30.236.49
29,10.30.234.98
29,10.30.227.89
29,10.30.224.180
29,10.30.223.231
29,10.30.223.168
29,10.30.223.166
29,10.30.221.95
29,10.30.221.212
29,10.30.220.235
29,10.30.219.122
29,10.30.217.22
28,10.30.251.233
28,10.30.231.164
28,10.30.225.146
28,10.30.224.225
28,10.30.224.210
28,10.30.220.155
28,10.30.219.232
28,10.30.219.161
28,10.30.217.202
27,10.30.232.125
27,10.30.227.80
27,10.30.225.51
27,10.30.225.208
27,10.30.224.142
27,10.30.217.144
27,10.30.217.114
27,10.30.217.103
27,10.30.216.249
27,10.15.190.68
27,10.15.190.199
26,10.30.252.1
26,10.30.246.236
26,10.30.230.92
26,10.30.226.254
26,10.30.226.20
26,10.30.222.70
26,10.30.221.118
26,10.30.220.57
26,10.30.219.239
26,10.30.219.235
26,10.30.218.199
26,10.30.217.207
25,10.30.244.182
25,10.30.234.124
25,10.30.232.70
25,10.30.227.231
25,10.30.227.198
25,10.30.224.48
25,10.30.223.70
25,10.30.222.4
25,10.30.222.217
25,10.30.221.85
25,10.30.221.36
25,10.30.221.23
25,10.30.220.54
25,10.30.219.121
25,10.30.217.199
25,10.30.216.239
24,10.30.234.11
24,10.30.232.9
24,10.30.229.6
24,10.30.227.247
24,10.30.226.94
24,10.30.226.63
24,10.30.226.101
24,10.30.224.211
24,10.30.221.17
24,10.30.221.13
24,10.30.217.200
24,10.30.217.106
23,10.30.239.243
23,10.30.236.165
23,10.30.234.234
23,10.30.233.75
23,10.30.232.219
23,10.30.231.5
23,10.30.230.157
23,10.30.226.71
23,10.30.226.150
23,10.30.224.228
23,10.30.217.211
22,10.30.253.162
22,10.30.248.154
22,10.30.232.151
22,10.30.232.130
22,10.30.230.95
22,10.30.226.242
22,10.30.226.173
22,10.30.224.200
22,10.30.223.63
22,10.30.223.198
22,10.30.222.234
22,10.30.220.225
22,10.30.218.24
22,10.30.217.198
21,10.30.249.199
21,10.30.241.74
21,10.30.229.168
21,10.30.227.81
21,10.30.227.1
21,10.30.223.186
21,10.30.223.123
21,10.30.222.86
21,10.30.221.196
21,10.30.219.93
21,10.30.219.230
21,10.30.219.19
21,10.30.217.96
20,10.30.229.80
20,10.30.229.32
20,10.30.228.123
20,10.30.228.113
20,10.30.224.170
20,10.30.223.93
20,10.30.223.89
20,10.30.223.22
20,10.30.219.37
20,10.30.217.8
20,10.30.217.124
19,10.30.233.216
19,10.30.232.227
19,10.30.230.30
19,10.30.226.209
19,10.30.225.189
19,10.30.224.105
19,10.30.223.5
19,10.30.220.138
19,10.30.217.35
19,10.30.217.171
18,10.30.241.193
18,10.30.233.32
18,10.30.231.240
18,10.30.230.90
18,10.30.230.246
18,10.30.224.152
18,10.30.222.82
18,10.30.222.125
18,10.30.220.123
18,10.30.220.108
17,10.30.254.80
17,10.30.236.238
17,10.30.235.2
17,10.30.234.103
17,10.30.230.72
17,10.30.230.125
17,10.30.230.120
17,10.30.229.235
17,10.30.226.137
17,10.30.223.51
17,10.30.222.121
17,10.30.219.67
17,10.30.219.109
17,10.30.217.138
16,10.30.249.169
16,10.30.239.215
16,10.30.234.121
16,10.30.232.134
16,10.30.230.169
16,10.30.225.241
16,10.30.225.125
16,10.30.221.247
16,10.30.218.80
16,10.30.218.50
16,10.30.217.27
16,10.30.217.204
16,10.30.217.142
16,10.15.191.255
15,10.30.250.219
15,10.30.243.139
15,10.30.238.34
15,10.30.233.167
15,10.30.233.161
15,10.30.231.29
15,10.30.231.214
15,10.30.228.43
15,10.30.227.49
15,10.30.227.226
15,10.30.226.49
15,10.30.226.39
15,10.30.223.167
15,10.30.222.47
15,10.30.222.127
15,10.30.221.138
15,10.30.220.52
15,10.30.220.0
15,10.30.219.72
15,10.30.219.56
15,10.30.217.45
14,10.30.253.146
14,10.30.246.223
14,10.30.241.235
14,10.30.239.164
14,10.30.238.215
14,10.30.234.184
14,10.30.233.132
14,10.30.231.66
14,10.30.231.154
14,10.30.230.132
14,10.30.229.121
14,10.30.228.96
14,10.30.228.110
14,10.30.227.216
14,10.30.226.95
14,10.30.224.115
14,10.30.222.96
14,10.30.222.102
14,10.30.220.23
14,10.30.220.222
14,10.30.220.178
14,10.30.219.231
14,10.30.219.135
14,10.30.217.225
14,10.30.217.166
14,10.15.193.225
13,10.30.253.52
13,10.30.252.9
13,10.30.234.19
13,10.30.232.38
13,10.30.232.235
13,10.30.232.183
13,10.30.231.127
13,10.30.230.40
13,10.30.230.26
13,10.30.226.156
13,10.30.224.40
13,10.30.224.2
13,10.30.224.14
13,10.30.224.130
13,10.30.223.193
13,10.30.222.91
13,10.30.221.243
13,10.30.220.96
13,10.30.217.240
13,10.30.217.219
13,10.30.217.156
13,10.30.217.148
12,10.30.247.218
12,10.30.244.190
12,10.30.243.244
12,10.30.243.161
12,10.30.241.45
12,10.30.239.231
12,10.30.233.78
12,10.30.233.114
12,10.30.230.97
12,10.30.229.98
12,10.30.227.88
12,10.30.227.57
12,10.30.226.118
12,10.30.224.168
12,10.30.224.119
12,10.30.222.170
12,10.30.219.130
12,10.30.217.88
12,10.30.217.43
12,10.30.217.3
12,10.30.217.220
11,10.30.254.211
11,10.30.245.9
11,10.30.242.71
11,10.30.241.65
11,10.30.239.165
11,10.30.235.3
11,10.30.234.239
11,10.30.234.198
11,10.30.230.56
11,10.30.230.162
11,10.30.228.231
11,10.30.223.12
11,10.30.222.207
11,10.30.221.218
11,10.30.220.154
11,10.30.219.233
11,10.30.217.239
11,10.30.217.230
11,10.30.217.186
11,10.30.217.162
11,10.30.216.250
11,10.30.216.242
10,10.30.251.26
10,10.30.246.109
10,10.30.234.238
10,10.30.234.112
10,10.30.233.39
10,10.30.231.184
10,10.30.231.138
10,10.30.229.61
10,10.30.229.185
10,10.30.228.155
10,10.30.224.161
10,10.30.223.68
10,10.30.222.176
10,10.30.221.48
10,10.30.221.152
10,10.30.219.58
10,10.30.218.134
10,10.30.217.31
10,10.30.217.190
10,10.30.217.183
10,10.15.190.2
9,10.30.255.159
9,10.30.250.180
9,10.30.234.208
9,10.30.232.105
9,10.30.230.103
9,10.30.226.82
9,10.30.226.123
9,10.30.222.31
9,10.30.217.141
9,10.30.217.121
9,10.15.194.19
8,10.30.252.5
8,10.30.244.130
8,10.30.234.154
8,10.30.233.169
8,10.30.232.26
8,10.30.232.153
8,10.30.227.195
8,10.30.227.168
8,10.30.226.216
8,10.30.226.11
8,10.30.225.193
8,10.30.225.152
8,10.30.224.42
8,10.30.224.149
8,10.30.223.204
8,10.30.223.178
8,10.30.222.114
8,10.30.219.193
8,10.30.219.120
8,10.30.218.168
8,10.30.217.71
8,10.30.217.65
8,10.30.217.228
8,10.30.217.206
8,10.30.217.17
7,10.30.253.13
7,10.30.235.169
7,10.30.234.133
7,10.30.233.18
7,10.30.228.156
7,10.30.227.38
7,10.30.227.194
7,10.30.226.131
7,10.30.225.254
7,10.30.225.135
7,10.30.225.111
7,10.30.224.110
7,10.30.223.28
7,10.30.223.153
7,10.30.223.119
7,10.30.222.115
7,10.30.221.239
7,10.30.221.144
7,10.30.219.210
7,10.30.217.235
7,10.30.217.215
7,10.30.217.185
7,10.30.217.180
7,10.30.217.143
7,10.30.216.241
6,10.30.254.45
6,10.30.254.159
6,10.30.251.101
6,10.30.250.60
6,10.30.249.57
6,10.30.242.72
6,10.30.237.223
6,10.30.237.202
6,10.30.237.171
6,10.30.234.99
6,10.30.234.57
6,10.30.233.204
6,10.30.233.179
6,10.30.232.216
6,10.30.232.188
6,10.30.231.182
6,10.30.231.160
6,10.30.230.237
6,10.30.228.94
6,10.30.228.153
6,10.30.228.11
6,10.30.228.104
6,10.30.227.67
6,10.30.227.36
6,10.30.225.78
6,10.30.225.162
6,10.30.224.183
6,10.30.223.183
6,10.30.223.137
6,10.30.223.127
6,10.30.218.54
6,10.30.218.28
6,10.30.218.124
6,10.30.217.39
6,10.30.217.21
6,10.30.216.248
6,10.15.189.232
5,10.30.253.227
5,10.30.251.226
5,10.30.250.194
5,10.30.246.53
5,10.30.234.93
5,10.30.234.226
5,10.30.232.16
5,10.30.231.7
5,10.30.229.105
5,10.30.228.39
5,10.30.228.249
5,10.30.227.218
5,10.30.227.196
5,10.30.227.19
5,10.30.226.127
5,10.30.225.209
5,10.30.224.4
5,10.30.224.171
5,10.30.224.151
5,10.30.224.124
5,10.30.223.240
5,10.30.223.15
5,10.30.222.2
5,10.30.221.255
5,10.30.220.188
5,10.30.219.179
5,10.30.219.103
5,10.30.218.7
5,10.30.218.200
5,10.30.218.127
5,10.30.217.197
5,10.30.217.172
5,10.30.217.16
5,10.15.191.24
4,169.254.137.14
4,10.30.255.69
4,10.30.255.241
4,10.30.255.203
4,10.30.253.189
4,10.30.251.121
4,10.30.250.69
4,10.30.250.17
4,10.30.247.235
4,10.30.244.27
4,10.30.238.152
4,10.30.234.227
4,10.30.234.185
4,10.30.234.143
4,10.30.233.217
4,10.30.232.87
4,10.30.231.151
4,10.30.230.42
4,10.30.230.171
4,10.30.229.219
4,10.30.228.0
4,10.30.227.94
4,10.30.226.241
4,10.30.225.106
4,10.30.224.136
4,10.30.223.84
4,10.30.223.73
4,10.30.223.209
4,10.30.223.199
4,10.30.223.159
4,10.30.223.105
4,10.30.222.231
4,10.30.222.149
4,10.30.221.238
4,10.30.221.200
4,10.30.221.177
4,10.30.220.124
4,10.30.219.39
4,10.30.219.30
4,10.30.218.114
4,10.30.218.101
4,10.30.217.47
4,10.30.217.224
4,10.30.217.214
4,10.30.217.160
4,10.30.217.157
4,10.30.217.111
4,10.30.216.244
3,169.254.129.157
3,10.30.251.77
3,10.30.251.205
3,10.30.251.177
3,10.30.251.126
3,10.30.249.27
3,10.30.249.248
3,10.30.249.102
3,10.30.248.80
3,10.30.247.38
3,10.30.246.10
3,10.30.245.128
3,10.30.240.233
3,10.30.239.174
3,10.30.235.24
3,10.30.234.87
3,10.30.234.174
3,10.30.233.79
3,10.30.233.214
3,10.30.233.16
3,10.30.233.154
3,10.30.232.220
3,10.30.232.106
3,10.30.231.175
3,10.30.230.84
3,10.30.230.214
3,10.30.230.200
3,10.30.228.98
3,10.30.228.120
3,10.30.227.177
3,10.30.226.218
3,10.30.226.195
3,10.30.226.169
3,10.30.225.21
3,10.30.225.173
3,10.30.225.147
3,10.30.224.57
3,10.30.223.97
3,10.30.223.43
3,10.30.223.41
3,10.30.223.235
3,10.30.222.77
3,10.30.222.7
3,10.30.221.236
3,10.30.221.171
3,10.30.220.58
3,10.30.219.204
3,10.30.219.148
3,10.30.218.83
3,10.30.218.29
3,10.30.218.209
3,10.30.218.102
3,10.30.217.93
3,10.30.217.91
3,10.30.217.7
3,10.30.217.62
3,10.30.217.55
3,10.30.217.54
3,10.30.217.51
3,10.30.217.210
3,10.30.217.188
3,10.30.217.117
3,10.30.216.240
3,10.15.191.146
2,192.168.0.167
2,10.30.255.41
2,10.30.255.144
2,10.30.254.222
2,10.30.254.196
2,10.30.253.28
2,10.30.252.224
2,10.30.250.75
2,10.30.249.237
2,10.30.248.63
2,10.30.248.61
2,10.30.247.57
2,10.30.244.60
2,10.30.244.136
2,10.30.243.214
2,10.30.239.232
2,10.30.238.109
2,10.30.237.233
2,10.30.235.36
2,10.30.235.33
2,10.30.234.55
2,10.30.234.178
2,10.30.234.13
2,10.30.234.127
2,10.30.233.244
2,10.30.233.153
2,10.30.232.80
2,10.30.232.52
2,10.30.232.232
2,10.30.232.176
2,10.30.232.108
2,10.30.231.61
2,10.30.231.59
2,10.30.231.41
2,10.30.231.104
2,10.30.230.19
2,10.30.230.141
2,10.30.230.131
2,10.30.229.81
2,10.30.229.248
2,10.30.229.225
2,10.30.229.125
2,10.30.227.238
2,10.30.226.85
2,10.30.226.78
2,10.30.225.89
2,10.30.225.81
2,10.30.225.20
2,10.30.225.179
2,10.30.224.56
2,10.30.224.227
2,10.30.224.203
2,10.30.224.163
2,10.30.224.156
2,10.30.223.21
2,10.30.223.109
2,10.30.222.64
2,10.30.222.243
2,10.30.221.86
2,10.30.221.165
2,10.30.220.147
2,10.30.219.116
2,10.30.218.223
2,10.30.218.162
2,10.30.218.140
2,10.30.217.4
2,10.30.217.238
2,10.30.217.237
2,10.30.217.229
2,10.30.217.191
2,10.30.217.187
2,10.30.217.147
2,10.30.217.146
2,10.30.217.135
2,10.30.217.122
2,10.30.217.10
2,10.15.193.95
2,10.15.192.12
2,10.15.191.49
2,10.15.191.12
1,192.168.0.174
1,192.168.0.153
1,10.30.254.17
1,10.30.254.164
1,10.30.253.210
1,10.30.252.40
1,10.30.251.87
1,10.30.251.82
1,10.30.251.229
1,10.30.249.42
1,10.30.249.39
1,10.30.249.221
1,10.30.248.210
1,10.30.247.191
1,10.30.247.154
1,10.30.247.121
1,10.30.246.11
1,10.30.244.34
1,10.30.244.252
1,10.30.243.91
1,10.30.241.135
1,10.30.241.133
1,10.30.241.118
1,10.30.240.47
1,10.30.240.121
1,10.30.239.242
1,10.30.238.38
1,10.30.238.165
1,10.30.238.164
1,10.30.235.43
1,10.30.235.4
1,10.30.235.32
1,10.30.235.207
1,10.30.235.19
1,10.30.234.69
1,10.30.234.254
1,10.30.234.248
1,10.30.234.223
1,10.30.234.221
1,10.30.233.26
1,10.30.233.148
1,10.30.233.123
1,10.30.233.108
1,10.30.233.101
1,10.30.232.89
1,10.30.232.79
1,10.30.232.6
1,10.30.232.43
1,10.30.232.203
1,10.30.232.191
1,10.30.232.19
1,10.30.231.93
1,10.30.231.54
1,10.30.231.238
1,10.30.231.236
1,10.30.231.225
1,10.30.231.191
1,10.30.231.176
1,10.30.231.144
1,10.30.231.117
1,10.30.230.76
1,10.30.230.235
1,10.30.230.232
1,10.30.230.170
1,10.30.230.163
1,10.30.230.16
1,10.30.230.146
1,10.30.230.12
1,10.30.229.236
1,10.30.229.205
1,10.30.229.204
1,10.30.229.167
1,10.30.227.217
1,10.30.227.138
1,10.30.227.121
1,10.30.226.79
1,10.30.225.220
1,10.30.224.97
1,10.30.224.63
1,10.30.224.214
1,10.30.224.147
1,10.30.223.62
1,10.30.223.164
1,10.30.223.140
1,10.30.222.40
1,10.30.222.241
1,10.30.222.214
1,10.30.222.117
1,10.30.222.11
1,10.30.222.105
1,10.30.221.99
1,10.30.221.98
1,10.30.221.92
1,10.30.221.112
1,10.30.220.15
1,10.30.218.174
1,10.30.218.105
1,10.30.217.95
1,10.30.217.94
1,10.30.217.92
1,10.30.217.9
1,10.30.217.6
1,10.30.217.53
1,10.30.217.52
1,10.30.217.5
1,10.30.217.30
1,10.30.217.231
1,10.30.217.227
1,10.30.217.201
1,10.30.217.20
1,10.30.217.2
1,10.30.217.19
1,10.30.217.184
1,10.30.217.182
1,10.30.217.181
1,10.30.217.177
1,10.30.217.174
1,10.30.217.167
1,10.30.217.165
1,10.30.217.158
1,10.30.217.154
1,10.30.217.150
1,10.30.217.15
1,10.30.217.137
1,10.30.217.13
1,10.30.217.120
1,10.30.217.118
1,10.30.217.115
1,10.30.217.110
1,10.15.192.29
1,10.15.192.155
1,10.15.191.254
1,10.15.191.203
1,10.15.190.90
